"d15Ncorr","dCcorr","c.mgg.c","n.mgg.c","p.mgg.c","k.mgg.c","mg.mgg.c","na.mgg.c","ca.mgg.c","s.mgg.c","as.ugg.c","al.mgg.c","b.ugg.c","cd.ugg.c","co.ugg.c","cr.ugg.c","cu.ugg.c","fe.mgg.c","hg.ugg.c","mn.ugg.c","ni.ugg.c","pb.ugg.c","zn.ugg.c","CN","CP","NP"
1.65,-33.9814285714286,454.08514345,26.1557287385714,1.41479257314286,40.4623093671429,1.99246212528571,10.6993977755,9.36280532457143,6.60741317314286,0.289536101571429,0.364862663214286,12.7800497965714,0.0973026657857143,0.306876901285714,5.59590013021429,7.11102602478571,0.622155106142857,0.0157982157142857,53.5160273300714,4.4473981885,3.17978431285714,37.3427425221429,21.4724286288961,1172.5406128978,54.3870740725963
-0.35875,-30.86,419.1998818,20.8199687235,1.352682565,7.7487360075,0.96142012525,1.04741846075,3.876504900875,0.674186532625,0.314829993875,0.333882267,7.620987435125,0.175518078625,0.47005405825,2.56461154975,5.26298016225,0.488191776125,0.0205680205,36.169722455125,2.545299340875,1.803108798125,81.7665177475,28.3624874463426,1213.93097382447,43.621720194619
-0.655,-32.25,478.4197663,26.957145445,2.000278512,19.920342695,0.5877038695,2.3200177375,3.339870245,1.215723802,0.2243368925,0.4477141485,7.451681592,0.401318755,1.120430557,3.683102271,3.991006813,0.2253919235,0.0076157735,36.806772545,2.3557304515,1.4471788015,24.532092405,20.7765016947102,672.837925953062,31.9100796964892
-0.0322222222222222,-33.8355555555556,433.764745466667,27.2121470522222,2.64861062477778,57.5251300577778,3.32052093066667,4.89017856333333,4.59058427922222,3.37936020688889,0.200769858555556,0.323673605777778,10.4805928618889,0.198138431333333,0.195046097333333,3.60775338555556,6.47042077011111,0.421949742333333,0.00997255833333333,46.4653820592222,2.15542566155556,0.573906740444444,44.0339097733333,20.1971499350013,545.478279578722,26.3726087530816
3.042,-36.804,422.8259551,23.05479216,1.533594241,8.191149136,1.3084752276,1.081337093,6.1465784102,0.7991088286,0.6437392184,0.587790509,14.130107416,0.160208889,0.2072918134,2.835826155,23.462559093,0.4967396808,0.0096344052,21.0523087314,3.1887982134,1.1800044346,26.423706922,22.4227630258992,1352.58762363342,54.895927969638
7.40871484531761e-17,-33.8533333333333,371.596378766667,13.504332216,0.264202669333333,4.00844329633333,1.23695595933333,0.546749026666667,12.542368122,0.572417478,0.179800024666667,0.984147663333333,16.3381446066667,0.0258700636666667,0.514909948,4.43111988166667,5.82145837166667,1.11233689366667,0.0149677826666667,46.5911347333333,2.238830687,1.11181638033333,18.3446789736667,33.2954842552653,5011.87489494968,142.840350067199
-0.675,-42.685,401.4625665,17.278003015,1.0438476185,7.437339608,0.765978311,2.118375268,4.239819886,1.92345311,0.1764307915,0.5898775705,12.369579385,0.061014814,0.1952297525,3.6096246545,4.068046356,0.8326420085,0.007476101,42.736651165,1.5413914305,1.737429565,14.086028135,27.5276137536734,1313.83977457009,45.429923207601
-2.945,-29.37,417.50271205,19.442422525,0.677535693,5.4772955855,0.5482553275,0.164683326,3.312754825,0.763782,0.1732037715,0.6000491535,10.884774756,0.0633331565,0.2581386125,2.620026797,2.9597098245,0.5955133185,0.0158159705,31.72224918,1.506453969,1.1227448335,10.720860307,26.3004424296834,2104.31531797542,74.6501436997287
0.575,-41.055,458.3387971,29.518022935,2.190804218,7.3746197425,0.456818943,0.8104043435,1.4118203645,0.9477217065,0.6725827565,0.7269985655,6.14653463,0.6666136545,2.1507285185,2.5357948195,7.0196961405,0.369276992,0.096022944,23.81023631,2.822230344,8.4279113,30.08557109,18.2096589932001,543.337702867213,29.8135671120168
1.71333333333333,-37.7733333333333,428.239679166667,20.1267837966667,1.07353159033333,9.71301001416667,2.3942105595,1.9388392165,9.11103427533333,1.70749866766667,0.267805770166667,0.399152123333333,31.086094925,0.0455963856666667,0.234049138166667,4.7577395815,13.902524669,0.513271379166667,0.1225633835,22.8123455088333,3.43091315266667,0.861711088333333,40.08503482,25.149055956561,1309.72463281371,51.9771652723008
-3.47,-37.73,469.49449825,32.54314896,2.1770942985,36.01124204,1.346800452,1.6656458235,4.7079817565,1.8651138725,0.4714456165,0.471456249,6.0002615375,0.2640218425,0.1815933045,5.084706328,2.89138712,0.336356003,0.0495080965,34.24918416,2.3908530955,2.724754618,37.943095725,16.9799665621334,559.449257778152,33.018181107268
-0.19,-33.16,414.8290284,33.740545585,1.6283665995,33.42355314,2.303763872,9.8729617465,4.5882794005,2.36087264,0.5490796455,0.926184046,4.4952895925,2.194068794,0.5783953065,3.112152948,4.2042050995,0.9046086525,0.0454517835,30.98352507,3.2035783785,20.6232029895,113.763756105,15.2803786902791,656.818142972978,46.2076965823835
3.01,-31.075,443.42441585,20.267553315,0.561536627,46.183846905,3.4487476275,1.1366125185,12.38268674,7.3389197865,0.17650685,0.142802346,6.4907133745,0.04587617,0.126971905,1.588792846,2.560121704,0.1627138205,0.0110111295,8.4829158555,0.9310312305,0.601031033,13.5353782,25.7733351219387,2220.88835415527,84.6049502296516
0.501111111111111,-34.2644444444444,402.014003933333,22.3368139722222,1.12146576188889,7.16918454433333,1.06381641744444,1.13699378622222,6.232474281,0.776411345666667,0.556956101777778,0.636862907888889,57.6954545811111,0.113163365777778,1.48283400933333,4.42121811266667,6.22852872955556,1.92120429077778,0.0157369908888889,155.350155703333,3.40212006233333,1.30587833933333,33.6139719,21.6907411767178,1325.70640130542,59.8633020526914
1.434,-40.056,432.92615078,23.501614442,1.2965916378,12.6952553758,2.4530804014,1.4920164084,10.2226610432,1.2869701462,0.336860629,0.0758867336,40.060773402,0.0212694802,0.1180696322,4.3906340162,10.792704698,0.1878035734,0.032907758,3.570483218,3.5496838778,0.3816767226,34.312831514,22.2512215015069,1125.54599838856,49.2764322243846
0.34,-30.45,412.6219118,32.55227678,3.656292698,15.08262791,0.830519434,1.112008286,2.597821615,2.434741337,0.707240973,1.207716564,4.297651265,1.991021022,11.97654846,2.42182365,10.66465537,0.446280605,0.02111355,82.94048233,6.785189441,21.67057138,66.02556778,14.7821252960611,291.024437751847,19.6875910549476
6.25,-34.37,455.3982201,28.16966019,3.060531346,16.94791149,1.538724316,0.78006924,5.985120792,1.330616391,0.115130579,0.083287705,10.52373372,0.389278993,0.113814255,4.769094603,8.16325882,0.091969688,0.006581621,25.74094979,3.051541355,0.455223902,48.27811016,18.8527922762874,383.718399195599,20.3533987736252
-5.685,-29.835,474.08190685,17.497348905,0.632098619,13.51832985,0.6601945685,1.027016113,2.9733099675,0.3923567585,0.2650368875,0.5092212575,3.706913246,0.201836412,0.1979985885,2.6904636965,2.7929623445,0.323442455,0.0276701635,31.80270913,1.4555206835,1.293904914,18.668233685,31.6275607721398,1942.66334757343,61.3868898459567
0.6,-28.82,436.4433178,20.99232379,0.704147598,15.03981431,1.411791944,0.426662032,8.494731379,0.474719717,0.386631248,0.349624861,9.953472841,0.145557196,0.163168156,3.142133644,2.769674538,0.370256773,0.012751604,16.36085281,1.743903197,1.59781755,21.26495157,24.2456199806146,1598.38823213591,65.9248240883874
0.55875,-30.82875,440.0294183625,26.7010962025,1.4492205625,9.74797764175,1.323790561375,1.532097602625,5.14386948425,0.657100618875,0.25846184325,0.347194110375,12.451532647625,0.4852859005,0.291257877125,3.62296051325,5.710185385375,0.40923867075,0.04182574625,25.08697764,3.29517773975,18.120536959,53.8618501525,20.45723129579,900.686023212246,43.9270551911452
-6.75,-27.64,455.18304385,23.79466193,1.056868746,9.7460793795,0.579126023,0.378184196,1.839903911,0.5330302085,0.3838056005,0.4730820495,2.2960081845,0.0987520185,0.36217745,1.5303483015,2.50527874,0.413168569,0.0305651085,31.703313005,1.003640515,2.8072402,13.045040675,23.7095474091113,1184.9296740234,56.5466853166769
-0.745,-29.19,422.221710025,20.783250615,1.16026363225,7.75961988525,1.0017769555,1.42714903175,3.2284776525,0.96976590225,0.679287968,0.6632827015,7.01303041625,0.48152646275,3.5823270985,2.9777381715,5.30778724925,0.54824480025,0.0260185065,38.25630303,7.41873695725,5.2971289555,53.1193659625,25.1497429177572,1101.33833698912,43.2718019442541
0.811666666666667,-42.96,383.883872433333,19.5317193933333,1.6966276385,5.51522276916667,0.682536999833333,0.412943764,3.858492091,0.711965994833333,0.878640401666667,0.448229216166667,10.640799352,0.211421895666667,0.495181204833333,2.260768332,8.91584234883333,1.53714550216667,0.0224749705,67.2108851883333,2.468989161,4.4844978575,30.4748731833333,23.2173388353855,873.326831681732,35.2539786958842
2.89,-40.65,438.5260672,29.0168469,3.198087822,34.40574877,1.598292935,12.35197705,4.599386787,0.937476937,3.175318828,0.479459611,4.911244901,0.551759,1.740584899,3.29901786,5.604892562,1.392281284,0.333099988,52.67883394,2.624479673,4.402567646,29.63195685,17.6242708128965,353.608874171711,20.063744930256
-1.65,-37.42,483.0312671,17.39962177,2.465871815,13.58721939,0.394608753,1.556805121,1.595848895,0.659284552,0.411379011,0.426499154,1.406127891,1.674487483,1.806045636,1.602086027,7.781248066,0.027305925,0.036624381,5.737766843,3.640542772,28.99887253,47.1448809,32.3743753689588,505.152927732412,15.6034802826424
-5.17,-30.274,402.68294248,16.355977842,0.6663504646,2.1646439014,0.750866182,0.2908387622,3.9991299836,0.3605744144,0.3090652938,0.714112254,16.0774768004,0.0332119684,0.3249243846,2.2136335156,2.3225951494,0.6074177096,0.0121095372,35.51016732,1.538470954,0.8475072744,8.5591382032,28.9404537394405,1618.34485157767,56.8938689326851
